{
    "now": "2025-09-27T12:03:39.547Z",
    "perfNow": 189137.30000019073,
    "diagnosticCorrelation": "a6c27ac7-781d-420e-b635-6d3302d2d7d0",
    "source": "DownloadSupportFiles",
    "environment": {
        "productName": "adf",
        "buildVersion": "1.0.091525.1",
        "environmentType": 3,
        "resourceName": "projectadfacc",
        "resourceRegion": "eastus",
        "resourceGroup": "RG_Project",
        "subscriptionId": "1e0d6136-1984-46a2-8f55-60acb3adcb93",
        "sessionId": "ukwP9TLssaDNUPEvnwZK/T",
        "operationId": "",
        "gitType": "live",
        "loggingKey": "4c448205-bfaa-4e15-b09e-61c369df1b44"
    },
    "additionalInfo": {
        "selectedResource": "pipelineDynamicGitToDL",
        "selectedResourceType": "pipeline"
    }
}