{
    "name": "DatasetDynamicDL",
    "properties": {
        "linkedServiceName": {
            "referenceName": "adfTOdatalake",
            "type": "LinkedServiceReference"
        },
        "parameters": {
            "p_foldername": {
                "type": "string"
            },
            "p_filename": {
                "type": "string"
            }
        },
        "annotations": [],
        "type": "DelimitedText",
        "typeProperties": {
            "location": {
                "type": "AzureBlobFSLocation",
                "fileName": {
                    "value": "@dataset().p_filename",
                    "type": "Expression"
                },
                "folderPath": {
                    "value": "@dataset().p_foldername",
                    "type": "Expression"
                },
                "fileSystem": "source"
            },
            "columnDelimiter": ",",
            "escapeChar": "\\",
            "firstRowAsHeader": true,
            "quoteChar": "\""
        },
        "schema": [
            {
                "name": "Date",
                "type": "String"
            }
        ]
    },
    "type": "Microsoft.DataFactory/factories/datasets"
}