{
    "now": "2025-09-29T14:24:59.650Z",
    "perfNow": 55412.60000014305,
    "diagnosticCorrelation": "e405a3ec-f5f4-45b3-a3bd-7d714e87f38b",
    "source": "DownloadSupportFiles",
    "environment": {
        "productName": "adf",
        "buildVersion": "1.0.091525.1",
        "environmentType": 3,
        "resourceName": "projectadfacc",
        "resourceRegion": "eastus",
        "resourceGroup": "RG_Project",
        "subscriptionId": "1e0d6136-1984-46a2-8f55-60acb3adcb93",
        "sessionId": "cnZQLmvQbF2V0qUzUH+8lo",
        "operationId": "",
        "gitType": "live",
        "loggingKey": "2a069597-f2e0-47c8-90b2-1121587c7135"
    },
    "additionalInfo": {
        "selectedResource": "pipelineDynamicGitToDL_engg",
        "selectedResourceType": "pipeline"
    }
}